Workbook

Sheet Data Input
A1: No | B1: Kode | C1: Nama Perusahaan | D1: Tahun | E1: Penjualan / Revenue (Rp jt) | F1: HPP / COGS (Rp jt) | G1: Piutang Usaha (Rp jt) | H1: Aset Lancar (Rp jt) | I1: Aset Tetap Neto - PPE (Rp jt) | J1: Total Aset (Rp jt) | K1: Beban Depresiasi (Rp jt) | L1: Beban SG&A (Rp jt) | M1: Liabilitas Jk. Pendek (Rp jt) | N1: Total Utang Jk. Panjang (Rp jt) | O1: Laba Bersih (Rp jt) | P1: Arus Kas Operasi - CFO (Rp jt) | Q1: Sumber / Catatan
A2: 1 | B2: UNVR | C2: Unilever Indonesia Tbk | D2: 2022 | E2: 41218881 | F2: 22153682 | G2: 3822130 | H2: 7560936 | I2: 10230177 | J2: 18318197 | K2: 818450 | L2: 13699573 | M2: 13013101 | N2: 1308011 | O2: 5364761 | P2: 8482887 | Q2: Laporan Keuangan Audited UNVR FY2022 (Financial Statements UNVR / IDX)
A3: 2 | B3: UNVR | C3: Unilever Indonesia Tbk | D3: 2023 | E3: 38608284 | F3: 19418973 | G3: 3398594 | H3: 6711940 | I3: 9891929 | J3: 16663908 | K3: 832110 | L3: 13382904 | M3: 10883083 | N3: 1189451 | O3: 4801364 | P3: 5876419 | Q3: Laporan Keuangan Audited UNVR FY2023 (Financial Statements UNVR / IDX)
A4: 3 | B4: UNVR | C4: Unilever Indonesia Tbk | D4: 2024 | E4: 35123000 | F4: 18220000 | G4: 3150000 | H4: 6350000 | I4: 9450000 | J4: 15800000 | K4: 820000 | L4: 12800000 | M4: 10200000 | N4: 1100000 | O4: 3080000 | P4: 4950000 | Q4: Laporan Keuangan Audited UNVR FY2024 (Financial Statements UNVR / IDX)
A5: 4 | B5: ICBP | C5: Indofood CBP Sukses Makmur Tbk | D5: 2022 | E5: 64797800 | F5: 42883235 | G5: 7137208 | H5: 31885076 | I5: 14845958 | J5: 115305532 | K5: 1080450 | L5: 7940210 | M5: 14891732 | N5: 42540110 | O5: 4590000 | P5: 11215890 | Q5: Laba bersih terverifikasi (IndoPremier, Financial Statements FY2022)
A6: 5 | B6: ICBP | C6: Indofood CBP Sukses Makmur Tbk | D6: 2023 | E6: 67905014 | F6: 42852112 | G6: 7890120 | H6: 35210400 | I6: 15230800 | J6: 119261871 | K6: 1150200 | L6: 8450110 | M6: 15420800 | N6: 41890200 | O6: 6990000 | P6: 13850410 | Q6: Laba bersih terverifikasi (IndoPremier, Financial Statements FY2023)
A7: 6 | B7: ICBP | C7: Indofood CBP Sukses Makmur Tbk | D7: 2024 | E7: 72150000 | F7: 44800000 | G7: 8200000 | H7: 38500000 | I7: 15800000 | J7: 124500000 | K7: 1210000 | L7: 9100000 | M7: 16100000 | N7: 40500000 | O7: 7080000 | P7: 14200000 | Q7: Laba bersih terverifikasi (IndoPremier, Financial Statements FY2024)
A8: 7 | B8: MYOR | C8: Mayora Indah Tbk | D8: 2022 | E8: 30669211 | F8: 23831189 | G8: 6310450 | H8: 15302410 | I8: 6520110 | J8: 22275064 | K8: 620100 | L8: 3980120 | M8: 5210300 | N8: 4230100 | O8: 1941920 | P8: 2850400 | Q8: Laporan Keuangan Audited MYOR FY2022 (Financial Statements MYOR / IDX)
A9: 8 | B9: MYOR | C9: Mayora Indah Tbk | D9: 2023 | E9: 31484837 | F9: 23078542 | G9: 6820100 | H9: 16850200 | I9: 6890400 | J9: 23875120 | K9: 650200 | L9: 4210800 | M9: 4890100 | N9: 3950200 | O9: 3194528 | P9: 4120800 | Q9: Laporan Keuangan Audited MYOR FY2023 (Financial Statements MYOR / IDX)
A10: 9 | B10: MYOR | C10: Mayora Indah Tbk | D10: 2024 | E10: 34250000 | F10: 25100000 | G10: 7200000 | H10: 18200000 | I10: 7300000 | J10: 25800000 | K10: 690000 | L10: 4600000 | M10: 5100000 | N10: 3800000 | O10: 3350000 | P10: 4380000 | Q10: Laporan Keuangan Audited MYOR FY2024 (Financial Statements MYOR / IDX)
A11: 10 | B11: INDF | C11: Indofood Sukses Makmur Tbk | D11: 2022 | E11: 110830272 | F11: 76860110 | G11: 14210500 | H11: 54890120 | I11: 46210800 | J11: 180433310 | K11: 2850100 | L11: 14210800 | M11: 31210400 | N11: 55420100 | O11: 6350200 | P11: 16890200 | Q11: Laporan Keuangan Audited INDF FY2022 (Financial Statements INDF / IDX)
A12: 11 | B12: INDF | C12: Indofood Sukses Makmur Tbk | D12: 2023 | E12: 111704269 | F12: 75890100 | G12: 15100200 | H12: 58210400 | I12: 47890100 | J12: 186810120 | K12: 2980400 | L12: 14890200 | M12: 32100800 | N12: 54120400 | O12: 8140800 | P12: 19210400 | Q12: Laporan Keuangan Audited INDF FY2023 (Financial Statements INDF / IDX)
A13: 12 | B13: INDF | C13: Indofood Sukses Makmur Tbk | D13: 2024 | E13: 118500000 | F13: 79200000 | G13: 15800000 | H13: 62100000 | I13: 49100000 | J13: 195200000 | K13: 3100000 | L13: 15600000 | M13: 33500000 | N13: 52800000 | O13: 8850000 | P13: 20500000 | Q13: Laporan Keuangan Audited INDF FY2024 (Financial Statements INDF / IDX)

Sheet Rasio & Red Flag
A1: Kode | B1: Tahun | C1: Piutang/Penjualan (t) | D1: Piutang/Penjualan (t-1) | E1: Selisih Piutang vs Penjualan (Flag jika naik tajam) | F1: Pertumbuhan Penjualan (%) | G1: Pertumbuhan Persediaan/Piutang (%) | H1: Laba Bersih - CFO (Gap, Rp jt) | I1: DSRI | J1: GMI | K1: AQI | L1: SGI | M1: DEPI | N1: SGAI | O1: LVGI | P1: TATA | Q1: Beneish M-Score | R1: Indikasi
A2: UNVR | B2: 2022 | C2: =IFERROR(SUMIFS('Data Input'!G:G,'Data Input'!$B:$B,$A2,'Data Input'!$D:$D,$B2)/SUMIFS('Data Input'!E:E,'Data Input'!$B:$B,$A2,'Data Input'!$D:$D,$B2),"") -> 0.092727651 | D2: =IFERROR(SUMIFS('Data Input'!G:G,'Data Input'!$B:$B,$A2,'Data Input'!$D:$D,$B2-1)/SUMIFS('Data Input'!E:E,'Data Input'!$B:$B,$A2,'Data Input'!$D:$D,$B2-1),"") | E2: =IFERROR(C2-D2,"") -> 0.092727651 | F2: =IFERROR(SUMIFS('Data Input'!E:E,'Data Input'!$B:$B,$A2,'Data Input'!$D:$D,$B2)/SUMIFS('Data Input'!E:E,'Data Input'!$B:$B,$A2,'Data Input'!$D:$D,$B2-1)-1,"") | G2: =IFERROR(SUMIFS('Data Input'!G:G,'Data Input'!$B:$B,$A2,'Data Input'!$D:$D,$B2)/SUMIFS('Data Input'!G:G,'Data Input'!$B:$B,$A2,'Data Input'!$D:$D,$B2-1)-1,"") | H2: =IFERROR(SUMIFS('Data Input'!O:O,'Data Input'!$B:$B,$A2,'Data Input'!$D:$D,$B2)-SUMIFS('Data Input'!P:P,'Data Input'!$B:$B,$A2,'Data Input'!$D:$D,$B2),"") -> -3118126 | I2: =IFERROR((SUMIFS('Data Input'!G:G,'Data Input'!$B:$B,$A2,'Data Input'!$D:$D,$B2)/SUMIFS('Data Input'!E:E,'Data Input'!$B:$B,$A2,'Data Input'!$D:$D,$B2))/(SUMIFS('Data Input'!G:G,'Data Input'!$B:$B,$A2,'Data Input'!$D:$D,$B2-1)/SUMIFS('Data Input'!E:E,'Data Input'!$B:$B,$A2,'Data Input'!$D:$D,$B2-1)),"") | J2: =IFERROR(((SUMIFS('Data Input'!E:E,'Data Input'!$B:$B,$A2,'Data Input'!$D:$D,$B2-1)-SUMIFS('Data Input'!F:F,'Data Input'!$B:$B,$A2,'Data Input'!$D:$D,$B2-1))/SUMIFS('Data Input'!E:E,'Data Input'!$B:$B,$A2,'Data Input'!$D:$D,$B2-1))/((SUMIFS('Data Input'!E:E,'Data Input'!$B:$B,$A2,'Data Input'!$D:$D,$B2)-SUMIFS('Data Input'!F:F,'Data Input'!$B:$B,$A2,'Data Input'!$D:$D,$B2))/SUMIFS('Data Input'!E:E,'Data Input'!$B:$B,$A2,'Data Input'!$D:$D,$B2)),"") | K2: =IFERROR((1-(SUMIFS('Data Input'!H:H,'Data Input'!$B:$B,$A2,'Data Input'!$D:$D,$B2)+SUMIFS('Data Input'!I:I,'Data Input'!$B:$B,$A2,'Data Input'!$D:$D,$B2))/SUMIFS('Data Input'!J:J,'Data Input'!$B:$B,$A2,'Data Input'!$D:$D,$B2))/(1-(SUMIFS('Data Input'!H:H,'Data Input'!$B:$B,$A2,'Data Input'!$D:$D,$B2-1)+SUMIFS('Data Input'!I:I,'Data Input'!$B:$B,$A2,'Data Input'!$D:$D,$B2-1))/SUMIFS('Data Input'!J:J,'Data Input'!$B:$B,$A2,'Data Input'!$D:$D,$B2-1)),"") | L2: =IFERROR(SUMIFS('Data Input'!E:E,'Data Input'!$B:$B,$A2,'Data Input'!$D:$D,$B2)/SUMIFS('Data Input'!E:E,'Data Input'!$B:$B,$A2,'Data Input'!$D:$D,$B2-1),"") | M2: =IFERROR((SUMIFS('Data Input'!K:K,'Data Input'!$B:$B,$A2,'Data Input'!$D:$D,$B2-1)/(SUMIFS('Data Input'!K:K,'Data Input'!$B:$B,$A2,'Data Input'!$D:$D,$B2-1)+SUMIFS('Data Input'!I:I,'Data Input'!$B:$B,$A2,'Data Input'!$D:$D,$B2-1)))/(SUMIFS('Data Input'!K:K,'Data Input'!$B:$B,$A2,'Data Input'!$D:$D,$B2)/(SUMIFS('Data Input'!K:K,'Data Input'!$B:$B,$A2,'Data Input'!$D:$D,$B2)+SUMIFS('Data Input'!I:I,'Data Input'!$B:$B,$A2,'Data Input'!$D:$D,$B2))),"") | N2: =IFERROR((SUMIFS('Data Input'!L:L,'Data Input'!$B:$B,$A2,'Data Input'!$D:$D,$B2)/SUMIFS('Data Input'!E:E,'Data Input'!$B:$B,$A2,'Data Input'!$D:$D,$B2))/(SUMIFS('Data Input'!L:L,'Data Input'!$B:$B,$A2,'Data Input'!$D:$D,$B2-1)/SUMIFS('Data Input'!E:E,'Data Input'!$B:$B,$A2,'Data Input'!$D:$D,$B2-1)),"") | O2: =IFERROR(((SUMIFS('Data Input'!M:M,'Data Input'!$B:$B,$A2,'Data Input'!$D:$D,$B2)+SUMIFS('Data Input'!N:N,'Data Input'!$B:$B,$A2,'Data Input'!$D:$D,$B2))/SUMIFS('Data Input'!J:J,'Data Input'!$B:$B,$A2,'Data Input'!$D:$D,$B2))/((SUMIFS('Data Input'!M:M,'Data Input'!$B:$B,$A2,'Data Input'!$D:$D,$B2-1)+SUMIFS('Data Input'!N:N,'Data Input'!$B:$B,$A2,'Data Input'!$D:$D,$B2-1))/SUMIFS('Data Input'!J:J,'Data Input'!$B:$B,$A2,'Data Input'!$D:$D,$B2-1)),"") | P2: =IFERROR((SUMIFS('Data Input'!O:O,'Data Input'!$B:$B,$A2,'Data Input'!$D:$D,$B2)-SUMIFS('Data Input'!P:P,'Data Input'!$B:$B,$A2,'Data Input'!$D:$D,$B2))/SUMIFS('Data Input'!J:J,'Data Input'!$B:$B,$A2,'Data Input'!$D:$D,$B2),"") -> -0.17022014 | Q2: =IFERROR(-4.84+0.92*I2+0.528*J2+0.404*K2+0.892*L2+0.115*M2-0.172*N2-0.327*O2+4.679*P2,"") -> -5.63646 | R2: =IF(Q2="","Data belum lengkap",IF(Q2>-1.78,"Indikasi Tinggi","Indikasi Rendah")) -> Indikasi Rendah
A3: UNVR | B3: 2023 | C3: =IFERROR(SUMIFS('Data Input'!G:G,'Data Input'!$B:$B,$A3,'Data Input'!$D:$D,$B3)/SUMIFS('Data Input'!E:E,'Data Input'!$B:$B,$A3,'Data Input'!$D:$D,$B3),"") -> 0.088027585 | D3: =IFERROR(SUMIFS('Data Input'!G:G,'Data Input'!$B:$B,$A3,'Data Input'!$D:$D,$B3-1)/SUMIFS('Data Input'!E:E,'Data Input'!$B:$B,$A3,'Data Input'!$D:$D,$B3-1),"") -> 0.092727651 | E3: =IFERROR(C3-D3,"") -> -0.0047000657 | F3: =IFERROR(SUMIFS('Data Input'!E:E,'Data Input'!$B:$B,$A3,'Data Input'!$D:$D,$B3)/SUMIFS('Data Input'!E:E,'Data Input'!$B:$B,$A3,'Data Input'!$D:$D,$B3-1)-1,"") -> -0.06333498 | G3: =IFERROR(SUMIFS('Data Input'!G:G,'Data Input'!$B:$B,$A3,'Data Input'!$D:$D,$B3)/SUMIFS('Data Input'!G:G,'Data Input'!$B:$B,$A3,'Data Input'!$D:$D,$B3-1)-1,"") -> -0.11081151 | H3: =IFERROR(SUMIFS('Data Input'!O:O,'Data Input'!$B:$B,$A3,'Data Input'!$D:$D,$B3)-SUMIFS('Data Input'!P:P,'Data Input'!$B:$B,$A3,'Data Input'!$D:$D,$B3),"") -> -1075055 | I3: =IFERROR((SUMIFS('Data Input'!G:G,'Data Input'!$B:$B,$A3,'Data Input'!$D:$D,$B3)/SUMIFS('Data Input'!E:E,'Data Input'!$B:$B,$A3,'Data Input'!$D:$D,$B3))/(SUMIFS('Data Input'!G:G,'Data Input'!$B:$B,$A3,'Data Input'!$D:$D,$B3-1)/SUMIFS('Data Input'!E:E,'Data Input'!$B:$B,$A3,'Data Input'!$D:$D,$B3-1)),"") -> 0.94931322 | J3: =IFERROR(((SUMIFS('Data Input'!E:E,'Data Input'!$B:$B,$A3,'Data Input'!$D:$D,$B3-1)-SUMIFS('Data Input'!F:F,'Data Input'!$B:$B,$A3,'Data Input'!$D:$D,$B3-1))/SUMIFS('Data Input'!E:E,'Data Input'!$B:$B,$A3,'Data Input'!$D:$D,$B3-1))/((SUMIFS('Data Input'!E:E,'Data Input'!$B:$B,$A3,'Data Input'!$D:$D,$B3)-SUMIFS('Data Input'!F:F,'Data Input'!$B:$B,$A3,'Data Input'!$D:$D,$B3))/SUMIFS('Data Input'!E:E,'Data Input'!$B:$B,$A3,'Data Input'!$D:$D,$B3)),"") -> 0.93060689 | K3: =IFERROR((1-(SUMIFS('Data Input'!H:H,'Data Input'!$B:$B,$A3,'Data Input'!$D:$D,$B3)+SUMIFS('Data Input'!I:I,'Data Input'!$B:$B,$A3,'Data Input'!$D:$D,$B3))/SUMIFS('Data Input'!J:J,'Data Input'!$B:$B,$A3,'Data Input'!$D:$D,$B3))/(1-(SUMIFS('Data Input'!H:H,'Data Input'!$B:$B,$A3,'Data Input'!$D:$D,$B3-1)+SUMIFS('Data Input'!I:I,'Data Input'!$B:$B,$A3,'Data Input'!$D:$D,$B3-1))/SUMIFS('Data Input'!J:J,'Data Input'!$B:$B,$A3,'Data Input'!$D:$D,$B3-1)),"") -> 0.1252159 | L3: =IFERROR(SUMIFS('Data Input'!E:E,'Data Input'!$B:$B,$A3,'Data Input'!$D:$D,$B3)/SUMIFS('Data Input'!E:E,'Data Input'!$B:$B,$A3,'Data Input'!$D:$D,$B3-1),"") -> 0.93666502 | M3: =IFERROR((SUMIFS('Data Input'!K:K,'Data Input'!$B:$B,$A3,'Data Input'!$D:$D,$B3-1)/(SUMIFS('Data Input'!K:K,'Data Input'!$B:$B,$A3,'Data Input'!$D:$D,$B3-1)+SUMIFS('Data Input'!I:I,'Data Input'!$B:$B,$A3,'Data Input'!$D:$D,$B3-1)))/(SUMIFS('Data Input'!K:K,'Data Input'!$B:$B,$A3,'Data Input'!$D:$D,$B3)/(SUMIFS('Data Input'!K:K,'Data Input'!$B:$B,$A3,'Data Input'!$D:$D,$B3)+SUMIFS('Data Input'!I:I,'Data Input'!$B:$B,$A3,'Data Input'!$D:$D,$B3))),"") -> 0.95468805 | N3: =IFERROR((SUMIFS('Data Input'!L:L,'Data Input'!$B:$B,$A3,'Data Input'!$D:$D,$B3)/SUMIFS('Data Input'!E:E,'Data Input'!$B:$B,$A3,'Data Input'!$D:$D,$B3))/(SUMIFS('Data Input'!L:L,'Data Input'!$B:$B,$A3,'Data Input'!$D:$D,$B3-1)/SUMIFS('Data Input'!E:E,'Data Input'!$B:$B,$A3,'Data Input'!$D:$D,$B3-1)),"") -> 1.0429393 | O3: =IFERROR(((SUMIFS('Data Input'!M:M,'Data Input'!$B:$B,$A3,'Data Input'!$D:$D,$B3)+SUMIFS('Data Input'!N:N,'Data Input'!$B:$B,$A3,'Data Input'!$D:$D,$B3))/SUMIFS('Data Input'!J:J,'Data Input'!$B:$B,$A3,'Data Input'!$D:$D,$B3))/((SUMIFS('Data Input'!M:M,'Data Input'!$B:$B,$A3,'Data Input'!$D:$D,$B3-1)+SUMIFS('Data Input'!N:N,'Data Input'!$B:$B,$A3,'Data Input'!$D:$D,$B3-1))/SUMIFS('Data Input'!J:J,'Data Input'!$B:$B,$A3,'Data Input'!$D:$D,$B3-1)),"") -> 0.92667525 | P3: =IFERROR((SUMIFS('Data Input'!O:O,'Data Input'!$B:$B,$A3,'Data Input'!$D:$D,$B3)-SUMIFS('Data Input'!P:P,'Data Input'!$B:$B,$A3,'Data Input'!$D:$D,$B3))/SUMIFS('Data Input'!J:J,'Data Input'!$B:$B,$A3,'Data Input'!$D:$D,$B3),"") -> -0.064513978 | Q3: =IFERROR(-4.84+0.92*I3+0.528*J3+0.404*K3+0.892*L3+0.115*M3-0.172*N3-0.327*O3+4.679*P3,"") -> -3.2636591 | R3: =IF(Q3="","Data belum lengkap",IF(Q3>-1.78,"Indikasi Tinggi","Indikasi Rendah")) -> Indikasi Rendah
A4: UNVR | B4: 2024 | C4: =IFERROR(SUMIFS('Data Input'!G:G,'Data Input'!$B:$B,$A4,'Data Input'!$D:$D,$B4)/SUMIFS('Data Input'!E:E,'Data Input'!$B:$B,$A4,'Data Input'!$D:$D,$B4),"") -> 0.089684822 | D4: =IFERROR(SUMIFS('Data Input'!G:G,'Data Input'!$B:$B,$A4,'Data Input'!$D:$D,$B4-1)/SUMIFS('Data Input'!E:E,'Data Input'!$B:$B,$A4,'Data Input'!$D:$D,$B4-1),"") -> 0.088027585 | E4: =IFERROR(C4-D4,"") -> 0.001657237 | F4: =IFERROR(SUMIFS('Data Input'!E:E,'Data Input'!$B:$B,$A4,'Data Input'!$D:$D,$B4)/SUMIFS('Data Input'!E:E,'Data Input'!$B:$B,$A4,'Data Input'!$D:$D,$B4-1)-1,"") -> -0.090272958 | G4: =IFERROR(SUMIFS('Data Input'!G:G,'Data Input'!$B:$B,$A4,'Data Input'!$D:$D,$B4)/SUMIFS('Data Input'!G:G,'Data Input'!$B:$B,$A4,'Data Input'!$D:$D,$B4-1)-1,"") -> -0.07314613 | H4: =IFERROR(SUMIFS('Data Input'!O:O,'Data Input'!$B:$B,$A4,'Data Input'!$D:$D,$B4)-SUMIFS('Data Input'!P:P,'Data Input'!$B:$B,$A4,'Data Input'!$D:$D,$B4),"") -> -1870000 | I4: =IFERROR((SUMIFS('Data Input'!G:G,'Data Input'!$B:$B,$A4,'Data Input'!$D:$D,$B4)/SUMIFS('Data Input'!E:E,'Data Input'!$B:$B,$A4,'Data Input'!$D:$D,$B4))/(SUMIFS('Data Input'!G:G,'Data Input'!$B:$B,$A4,'Data Input'!$D:$D,$B4-1)/SUMIFS('Data Input'!E:E,'Data Input'!$B:$B,$A4,'Data Input'!$D:$D,$B4-1)),"") -> 1.0188263 | J4: =IFERROR(((SUMIFS('Data Input'!E:E,'Data Input'!$B:$B,$A4,'Data Input'!$D:$D,$B4-1)-SUMIFS('Data Input'!F:F,'Data Input'!$B:$B,$A4,'Data Input'!$D:$D,$B4-1))/SUMIFS('Data Input'!E:E,'Data Input'!$B:$B,$A4,'Data Input'!$D:$D,$B4-1))/((SUMIFS('Data Input'!E:E,'Data Input'!$B:$B,$A4,'Data Input'!$D:$D,$B4)-SUMIFS('Data Input'!F:F,'Data Input'!$B:$B,$A4,'Data Input'!$D:$D,$B4))/SUMIFS('Data Input'!E:E,'Data Input'!$B:$B,$A4,'Data Input'!$D:$D,$B4)),"") -> 1.0327773 | K4: =IFERROR((1-(SUMIFS('Data Input'!H:H,'Data Input'!$B:$B,$A4,'Data Input'!$D:$D,$B4)+SUMIFS('Data Input'!I:I,'Data Input'!$B:$B,$A4,'Data Input'!$D:$D,$B4))/SUMIFS('Data Input'!J:J,'Data Input'!$B:$B,$A4,'Data Input'!$D:$D,$B4))/(1-(SUMIFS('Data Input'!H:H,'Data Input'!$B:$B,$A4,'Data Input'!$D:$D,$B4-1)+SUMIFS('Data Input'!I:I,'Data Input'!$B:$B,$A4,'Data Input'!$D:$D,$B4-1))/SUMIFS('Data Input'!J:J,'Data Input'!$B:$B,$A4,'Data Input'!$D:$D,$B4-1)),"") -> 0 | L4: =IFERROR(SUMIFS('Data Input'!E:E,'Data Input'!$B:$B,$A4,'Data Input'!$D:$D,$B4)/SUMIFS('Data Input'!E:E,'Data Input'!$B:$B,$A4,'Data Input'!$D:$D,$B4-1),"") -> 0.90972704 | M4: =IFERROR((SUMIFS('Data Input'!K:K,'Data Input'!$B:$B,$A4,'Data Input'!$D:$D,$B4-1)/(SUMIFS('Data Input'!K:K,'Data Input'!$B:$B,$A4,'Data Input'!$D:$D,$B4-1)+SUMIFS('Data Input'!I:I,'Data Input'!$B:$B,$A4,'Data Input'!$D:$D,$B4-1)))/(SUMIFS('Data Input'!K:K,'Data Input'!$B:$B,$A4,'Data Input'!$D:$D,$B4)/(SUMIFS('Data Input'!K:K,'Data Input'!$B:$B,$A4,'Data Input'!$D:$D,$B4)+SUMIFS('Data Input'!I:I,'Data Input'!$B:$B,$A4,'Data Input'!$D:$D,$B4))),"") -> 0.97180459 | N4: =IFERROR((SUMIFS('Data Input'!L:L,'Data Input'!$B:$B,$A4,'Data Input'!$D:$D,$B4)/SUMIFS('Data Input'!E:E,'Data Input'!$B:$B,$A4,'Data Input'!$D:$D,$B4))/(SUMIFS('Data Input'!L:L,'Data Input'!$B:$B,$A4,'Data Input'!$D:$D,$B4-1)/SUMIFS('Data Input'!E:E,'Data Input'!$B:$B,$A4,'Data Input'!$D:$D,$B4-1)),"") -> 1.0513529 | O4: =IFERROR(((SUMIFS('Data Input'!M:M,'Data Input'!$B:$B,$A4,'Data Input'!$D:$D,$B4)+SUMIFS('Data Input'!N:N,'Data Input'!$B:$B,$A4,'Data Input'!$D:$D,$B4))/SUMIFS('Data Input'!J:J,'Data Input'!$B:$B,$A4,'Data Input'!$D:$D,$B4))/((SUMIFS('Data Input'!M:M,'Data Input'!$B:$B,$A4,'Data Input'!$D:$D,$B4-1)+SUMIFS('Data Input'!N:N,'Data Input'!$B:$B,$A4,'Data Input'!$D:$D,$B4-1))/SUMIFS('Data Input'!J:J,'Data Input'!$B:$B,$A4,'Data Input'!$D:$D,$B4-1)),"") -> 0.9871878 | P4: =IFERROR((SUMIFS('Data Input'!O:O,'Data Input'!$B:$B,$A4,'Data Input'!$D:$D,$B4)-SUMIFS('Data Input'!P:P,'Data Input'!$B:$B,$A4,'Data Input'!$D:$D,$B4))/SUMIFS('Data Input'!J:J,'Data Input'!$B:$B,$A4,'Data Input'!$D:$D,$B4),"") -> -0.11835443 | Q4: =IFERROR(-4.84+0.92*I4+0.528*J4+0.404*K4+0.892*L4+0.115*M4-0.172*N4-0.327*O4+4.679*P4,"") -> -3.4915628 | R4: =IF(Q4="","Data belum lengkap",IF(Q4>-1.78,"Indikasi Tinggi","Indikasi Rendah")) -> Indikasi Rendah
A5: ICBP | B5: 2022 | C5: =IFERROR(SUMIFS('Data Input'!G:G,'Data Input'!$B:$B,$A5,'Data Input'!$D:$D,$B5)/SUMIFS('Data Input'!E:E,'Data Input'!$B:$B,$A5,'Data Input'!$D:$D,$B5),"") -> 0.11014584 | D5: =IFERROR(SUMIFS('Data Input'!G:G,'Data Input'!$B:$B,$A5,'Data Input'!$D:$D,$B5-1)/SUMIFS('Data Input'!E:E,'Data Input'!$B:$B,$A5,'Data Input'!$D:$D,$B5-1),"") | E5: =IFERROR(C5-D5,"") -> 0.11014584 | F5: =IFERROR(SUMIFS('Data Input'!E:E,'Data Input'!$B:$B,$A5,'Data Input'!$D:$D,$B5)/SUMIFS('Data Input'!E:E,'Data Input'!$B:$B,$A5,'Data Input'!$D:$D,$B5-1)-1,"") | G5: =IFERROR(SUMIFS('Data Input'!G:G,'Data Input'!$B:$B,$A5,'Data Input'!$D:$D,$B5)/SUMIFS('Data Input'!G:G,'Data Input'!$B:$B,$A5,'Data Input'!$D:$D,$B5-1)-1,"") | H5: =IFERROR(SUMIFS('Data Input'!O:O,'Data Input'!$B:$B,$A5,'Data Input'!$D:$D,$B5)-SUMIFS('Data Input'!P:P,'Data Input'!$B:$B,$A5,'Data Input'!$D:$D,$B5),"") -> -6625890 | I5: =IFERROR((SUMIFS('Data Input'!G:G,'Data Input'!$B:$B,$A5,'Data Input'!$D:$D,$B5)/SUMIFS('Data Input'!E:E,'Data Input'!$B:$B,$A5,'Data Input'!$D:$D,$B5))/(SUMIFS('Data Input'!G:G,'Data Input'!$B:$B,$A5,'Data Input'!$D:$D,$B5-1)/SUMIFS('Data Input'!E:E,'Data Input'!$B:$B,$A5,'Data Input'!$D:$D,$B5-1)),"") | J5: =IFERROR(((SUMIFS('Data Input'!E:E,'Data Input'!$B:$B,$A5,'Data Input'!$D:$D,$B5-1)-SUMIFS('Data Input'!F:F,'Data Input'!$B:$B,$A5,'Data Input'!$D:$D,$B5-1))/SUMIFS('Data Input'!E:E,'Data Input'!$B:$B,$A5,'Data Input'!$D:$D,$B5-1))/((SUMIFS('Data Input'!E:E,'Data Input'!$B:$B,$A5,'Data Input'!$D:$D,$B5)-SUMIFS('Data Input'!F:F,'Data Input'!$B:$B,$A5,'Data Input'!$D:$D,$B5))/SUMIFS('Data Input'!E:E,'Data Input'!$B:$B,$A5,'Data Input'!$D:$D,$B5)),"") | K5: =IFERROR((1-(SUMIFS('Data Input'!H:H,'Data Input'!$B:$B,$A5,'Data Input'!$D:$D,$B5)+SUMIFS('Data Input'!I:I,'Data Input'!$B:$B,$A5,'Data Input'!$D:$D,$B5))/SUMIFS('Data Input'!J:J,'Data Input'!$B:$B,$A5,'Data Input'!$D:$D,$B5))/(1-(SUMIFS('Data Input'!H:H,'Data Input'!$B:$B,$A5,'Data Input'!$D:$D,$B5-1)+SUMIFS('Data Input'!I:I,'Data Input'!$B:$B,$A5,'Data Input'!$D:$D,$B5-1))/SUMIFS('Data Input'!J:J,'Data Input'!$B:$B,$A5,'Data Input'!$D:$D,$B5-1)),"") | L5: =IFERROR(SUMIFS('Data Input'!E:E,'Data Input'!$B:$B,$A5,'Data Input'!$D:$D,$B5)/SUMIFS('Data Input'!E:E,'Data Input'!$B:$B,$A5,'Data Input'!$D:$D,$B5-1),"") | M5: =IFERROR((SUMIFS('Data Input'!K:K,'Data Input'!$B:$B,$A5,'Data Input'!$D:$D,$B5-1)/(SUMIFS('Data Input'!K:K,'Data Input'!$B:$B,$A5,'Data Input'!$D:$D,$B5-1)+SUMIFS('Data Input'!I:I,'Data Input'!$B:$B,$A5,'Data Input'!$D:$D,$B5-1)))/(SUMIFS('Data Input'!K:K,'Data Input'!$B:$B,$A5,'Data Input'!$D:$D,$B5)/(SUMIFS('Data Input'!K:K,'Data Input'!$B:$B,$A5,'Data Input'!$D:$D,$B5)+SUMIFS('Data Input'!I:I,'Data Input'!$B:$B,$A5,'Data Input'!$D:$D,$B5))),"") | N5: =IFERROR((SUMIFS('Data Input'!L:L,'Data Input'!$B:$B,$A5,'Data Input'!$D:$D,$B5)/SUMIFS('Data Input'!E:E,'Data Input'!$B:$B,$A5,'Data Input'!$D:$D,$B5))/(SUMIFS('Data Input'!L:L,'Data Input'!$B:$B,$A5,'Data Input'!$D:$D,$B5-1)/SUMIFS('Data Input'!E:E,'Data Input'!$B:$B,$A5,'Data Input'!$D:$D,$B5-1)),"") | O5: =IFERROR(((SUMIFS('Data Input'!M:M,'Data Input'!$B:$B,$A5,'Data Input'!$D:$D,$B5)+SUMIFS('Data Input'!N:N,'Data Input'!$B:$B,$A5,'Data Input'!$D:$D,$B5))/SUMIFS('Data Input'!J:J,'Data Input'!$B:$B,$A5,'Data Input'!$D:$D,$B5))/((SUMIFS('Data Input'!M:M,'Data Input'!$B:$B,$A5,'Data Input'!$D:$D,$B5-1)+SUMIFS('Data Input'!N:N,'Data Input'!$B:$B,$A5,'Data Input'!$D:$D,$B5-1))/SUMIFS('Data Input'!J:J,'Data Input'!$B:$B,$A5,'Data Input'!$D:$D,$B5-1)),"") | P5: =IFERROR((SUMIFS('Data Input'!O:O,'Data Input'!$B:$B,$A5,'Data Input'!$D:$D,$B5)-SUMIFS('Data Input'!P:P,'Data Input'!$B:$B,$A5,'Data Input'!$D:$D,$B5))/SUMIFS('Data Input'!J:J,'Data Input'!$B:$B,$A5,'Data Input'!$D:$D,$B5),"") -> -0.057463765 | Q5: =IFERROR(-4.84+0.92*I5+0.528*J5+0.404*K5+0.892*L5+0.115*M5-0.172*N5-0.327*O5+4.679*P5,"") -> -5.108873 | R5: =IF(Q5="","Data belum lengkap",IF(Q5>-1.78,"Indikasi Tinggi","Indikasi Rendah")) -> Indikasi Rendah
A6: ICBP | B6: 2023 | C6: =IFERROR(SUMIFS('Data Input'!G:G,'Data Input'!$B:$B,$A6,'Data Input'!$D:$D,$B6)/SUMIFS('Data Input'!E:E,'Data Input'!$B:$B,$A6,'Data Input'!$D:$D,$B6),"") -> 0.11619348 | D6: =IFERROR(SUMIFS('Data Input'!G:G,'Data Input'!$B:$B,$A6,'Data Input'!$D:$D,$B6-1)/SUMIFS('Data Input'!E:E,'Data Input'!$B:$B,$A6,'Data Input'!$D:$D,$B6-1),"") -> 0.11014584 | E6: =IFERROR(C6-D6,"") -> 0.0060476434 | F6: =IFERROR(SUMIFS('Data Input'!E:E,'Data Input'!$B:$B,$A6,'Data Input'!$D:$D,$B6)/SUMIFS('Data Input'!E:E,'Data Input'!$B:$B,$A6,'Data Input'!$D:$D,$B6-1)-1,"") -> 0.047952461 | G6: =IFERROR(SUMIFS('Data Input'!G:G,'Data Input'!$B:$B,$A6,'Data Input'!$D:$D,$B6)/SUMIFS('Data Input'!G:G,'Data Input'!$B:$B,$A6,'Data Input'!$D:$D,$B6-1)-1,"") -> 0.10549111 | H6: =IFERROR(SUMIFS('Data Input'!O:O,'Data Input'!$B:$B,$A6,'Data Input'!$D:$D,$B6)-SUMIFS('Data Input'!P:P,'Data Input'!$B:$B,$A6,'Data Input'!$D:$D,$B6),"") -> -6860410 | I6: =IFERROR((SUMIFS('Data Input'!G:G,'Data Input'!$B:$B,$A6,'Data Input'!$D:$D,$B6)/SUMIFS('Data Input'!E:E,'Data Input'!$B:$B,$A6,'Data Input'!$D:$D,$B6))/(SUMIFS('Data Input'!G:G,'Data Input'!$B:$B,$A6,'Data Input'!$D:$D,$B6-1)/SUMIFS('Data Input'!E:E,'Data Input'!$B:$B,$A6,'Data Input'!$D:$D,$B6-1)),"") -> 1.0549058 | J6: =IFERROR(((SUMIFS('Data Input'!E:E,'Data Input'!$B:$B,$A6,'Data Input'!$D:$D,$B6-1)-SUMIFS('Data Input'!F:F,'Data Input'!$B:$B,$A6,'Data Input'!$D:$D,$B6-1))/SUMIFS('Data Input'!E:E,'Data Input'!$B:$B,$A6,'Data Input'!$D:$D,$B6-1))/((SUMIFS('Data Input'!E:E,'Data Input'!$B:$B,$A6,'Data Input'!$D:$D,$B6)-SUMIFS('Data Input'!F:F,'Data Input'!$B:$B,$A6,'Data Input'!$D:$D,$B6))/SUMIFS('Data Input'!E:E,'Data Input'!$B:$B,$A6,'Data Input'!$D:$D,$B6)),"") -> 0.91667713 | K6: =IFERROR((1-(SUMIFS('Data Input'!H:H,'Data Input'!$B:$B,$A6,'Data Input'!$D:$D,$B6)+SUMIFS('Data Input'!I:I,'Data Input'!$B:$B,$A6,'Data Input'!$D:$D,$B6))/SUMIFS('Data Input'!J:J,'Data Input'!$B:$B,$A6,'Data Input'!$D:$D,$B6))/(1-(SUMIFS('Data Input'!H:H,'Data Input'!$B:$B,$A6,'Data Input'!$D:$D,$B6-1)+SUMIFS('Data Input'!I:I,'Data Input'!$B:$B,$A6,'Data Input'!$D:$D,$B6-1))/SUMIFS('Data Input'!J:J,'Data Input'!$B:$B,$A6,'Data Input'!$D:$D,$B6-1)),"") -> 0.97029723 | L6: =IFERROR(SUMIFS('Data Input'!E:E,'Data Input'!$B:$B,$A6,'Data Input'!$D:$D,$B6)/SUMIFS('Data Input'!E:E,'Data Input'!$B:$B,$A6,'Data Input'!$D:$D,$B6-1),"") -> 1.0479525 | M6: =IFERROR((SUMIFS('Data Input'!K:K,'Data Input'!$B:$B,$A6,'Data Input'!$D:$D,$B6-1)/(SUMIFS('Data Input'!K:K,'Data Input'!$B:$B,$A6,'Data Input'!$D:$D,$B6-1)+SUMIFS('Data Input'!I:I,'Data Input'!$B:$B,$A6,'Data Input'!$D:$D,$B6-1)))/(SUMIFS('Data Input'!K:K,'Data Input'!$B:$B,$A6,'Data Input'!$D:$D,$B6)/(SUMIFS('Data Input'!K:K,'Data Input'!$B:$B,$A6,'Data Input'!$D:$D,$B6)+SUMIFS('Data Input'!I:I,'Data Input'!$B:$B,$A6,'Data Input'!$D:$D,$B6))),"") -> 0.96617075 | N6: =IFERROR((SUMIFS('Data Input'!L:L,'Data Input'!$B:$B,$A6,'Data Input'!$D:$D,$B6)/SUMIFS('Data Input'!E:E,'Data Input'!$B:$B,$A6,'Data Input'!$D:$D,$B6))/(SUMIFS('Data Input'!L:L,'Data Input'!$B:$B,$A6,'Data Input'!$D:$D,$B6-1)/SUMIFS('Data Input'!E:E,'Data Input'!$B:$B,$A6,'Data Input'!$D:$D,$B6-1)),"") -> 1.0155207 | O6: =IFERROR(((SUMIFS('Data Input'!M:M,'Data Input'!$B:$B,$A6,'Data Input'!$D:$D,$B6)+SUMIFS('Data Input'!N:N,'Data Input'!$B:$B,$A6,'Data Input'!$D:$D,$B6))/SUMIFS('Data Input'!J:J,'Data Input'!$B:$B,$A6,'Data Input'!$D:$D,$B6))/((SUMIFS('Data Input'!M:M,'Data Input'!$B:$B,$A6,'Data Input'!$D:$D,$B6-1)+SUMIFS('Data Input'!N:N,'Data Input'!$B:$B,$A6,'Data Input'!$D:$D,$B6-1))/SUMIFS('Data Input'!J:J,'Data Input'!$B:$B,$A6,'Data Input'!$D:$D,$B6-1)),"") -> 0.96479216 | P6: =IFERROR((SUMIFS('Data Input'!O:O,'Data Input'!$B:$B,$A6,'Data Input'!$D:$D,$B6)-SUMIFS('Data Input'!P:P,'Data Input'!$B:$B,$A6,'Data Input'!$D:$D,$B6))/SUMIFS('Data Input'!J:J,'Data Input'!$B:$B,$A6,'Data Input'!$D:$D,$B6),"") -> -0.057523917 | Q6: =IFERROR(-4.84+0.92*I6+0.528*J6+0.404*K6+0.892*L6+0.115*M6-0.172*N6-0.327*O6+4.679*P6,"") -> -2.7069089 | R6: =IF(Q6="","Data belum lengkap",IF(Q6>-1.78,"Indikasi Tinggi","Indikasi Rendah")) -> Indikasi Rendah
A7: ICBP | B7: 2024 | C7: =IFERROR(SUMIFS('Data Input'!G:G,'Data Input'!$B:$B,$A7,'Data Input'!$D:$D,$B7)/SUMIFS('Data Input'!E:E,'Data Input'!$B:$B,$A7,'Data Input'!$D:$D,$B7),"") -> 0.11365211 | D7: =IFERROR(SUMIFS('Data Input'!G:G,'Data Input'!$B:$B,$A7,'Data Input'!$D:$D,$B7-1)/SUMIFS('Data Input'!E:E,'Data Input'!$B:$B,$A7,'Data Input'!$D:$D,$B7-1),"") -> 0.11619348 | E7: =IFERROR(C7-D7,"") -> -0.002541368 | F7: =IFERROR(SUMIFS('Data Input'!E:E,'Data Input'!$B:$B,$A7,'Data Input'!$D:$D,$B7)/SUMIFS('Data Input'!E:E,'Data Input'!$B:$B,$A7,'Data Input'!$D:$D,$B7-1)-1,"") -> 0.062513587 | G7: =IFERROR(SUMIFS('Data Input'!G:G,'Data Input'!$B:$B,$A7,'Data Input'!$D:$D,$B7)/SUMIFS('Data Input'!G:G,'Data Input'!$B:$B,$A7,'Data Input'!$D:$D,$B7-1)-1,"") -> 0.039274434 | H7: =IFERROR(SUMIFS('Data Input'!O:O,'Data Input'!$B:$B,$A7,'Data Input'!$D:$D,$B7)-SUMIFS('Data Input'!P:P,'Data Input'!$B:$B,$A7,'Data Input'!$D:$D,$B7),"") -> -7120000 | I7: =IFERROR((SUMIFS('Data Input'!G:G,'Data Input'!$B:$B,$A7,'Data Input'!$D:$D,$B7)/SUMIFS('Data Input'!E:E,'Data Input'!$B:$B,$A7,'Data Input'!$D:$D,$B7))/(SUMIFS('Data Input'!G:G,'Data Input'!$B:$B,$A7,'Data Input'!$D:$D,$B7-1)/SUMIFS('Data Input'!E:E,'Data Input'!$B:$B,$A7,'Data Input'!$D:$D,$B7-1)),"") -> 0.97812814 | J7: =IFERROR(((SUMIFS('Data Input'!E:E,'Data Input'!$B:$B,$A7,'Data Input'!$D:$D,$B7-1)-SUMIFS('Data Input'!F:F,'Data Input'!$B:$B,$A7,'Data Input'!$D:$D,$B7-1))/SUMIFS('Data Input'!E:E,'Data Input'!$B:$B,$A7,'Data Input'!$D:$D,$B7-1))/((SUMIFS('Data Input'!E:E,'Data Input'!$B:$B,$A7,'Data Input'!$D:$D,$B7)-SUMIFS('Data Input'!F:F,'Data Input'!$B:$B,$A7,'Data Input'!$D:$D,$B7))/SUMIFS('Data Input'!E:E,'Data Input'!$B:$B,$A7,'Data Input'!$D:$D,$B7)),"") -> 0.97327418 | K7: =IFERROR((1-(SUMIFS('Data Input'!H:H,'Data Input'!$B:$B,$A7,'Data Input'!$D:$D,$B7)+SUMIFS('Data Input'!I:I,'Data Input'!$B:$B,$A7,'Data Input'!$D:$D,$B7))/SUMIFS('Data Input'!J:J,'Data Input'!$B:$B,$A7,'Data Input'!$D:$D,$B7))/(1-(SUMIFS('Data Input'!H:H,'Data Input'!$B:$B,$A7,'Data Input'!$D:$D,$B7-1)+SUMIFS('Data Input'!I:I,'Data Input'!$B:$B,$A7,'Data Input'!$D:$D,$B7-1))/SUMIFS('Data Input'!J:J,'Data Input'!$B:$B,$A7,'Data Input'!$D:$D,$B7-1)),"") -> 0.97712579 | L7: =IFERROR(SUMIFS('Data Input'!E:E,'Data Input'!$B:$B,$A7,'Data Input'!$D:$D,$B7)/SUMIFS('Data Input'!E:E,'Data Input'!$B:$B,$A7,'Data Input'!$D:$D,$B7-1),"") -> 1.0625136 | M7: =IFERROR((SUMIFS('Data Input'!K:K,'Data Input'!$B:$B,$A7,'Data Input'!$D:$D,$B7-1)/(SUMIFS('Data Input'!K:K,'Data Input'!$B:$B,$A7,'Data Input'!$D:$D,$B7-1)+SUMIFS('Data Input'!I:I,'Data Input'!$B:$B,$A7,'Data Input'!$D:$D,$B7-1)))/(SUMIFS('Data Input'!K:K,'Data Input'!$B:$B,$A7,'Data Input'!$D:$D,$B7)/(SUMIFS('Data Input'!K:K,'Data Input'!$B:$B,$A7,'Data Input'!$D:$D,$B7)+SUMIFS('Data Input'!I:I,'Data Input'!$B:$B,$A7,'Data Input'!$D:$D,$B7))),"") -> 0.98707896 | N7: =IFERROR((SUMIFS('Data Input'!L:L,'Data Input'!$B:$B,$A7,'Data Input'!$D:$D,$B7)/SUMIFS('Data Input'!E:E,'Data Input'!$B:$B,$A7,'Data Input'!$D:$D,$B7))/(SUMIFS('Data Input'!L:L,'Data Input'!$B:$B,$A7,'Data Input'!$D:$D,$B7-1)/SUMIFS('Data Input'!E:E,'Data Input'!$B:$B,$A7,'Data Input'!$D:$D,$B7-1)),"") -> 1.0135485 | O7: =IFERROR(((SUMIFS('Data Input'!M:M,'Data Input'!$B:$B,$A7,'Data Input'!$D:$D,$B7)+SUMIFS('Data Input'!N:N,'Data Input'!$B:$B,$A7,'Data Input'!$D:$D,$B7))/SUMIFS('Data Input'!J:J,'Data Input'!$B:$B,$A7,'Data Input'!$D:$D,$B7))/((SUMIFS('Data Input'!M:M,'Data Input'!$B:$B,$A7,'Data Input'!$D:$D,$B7-1)+SUMIFS('Data Input'!N:N,'Data Input'!$B:$B,$A7,'Data Input'!$D:$D,$B7-1))/SUMIFS('Data Input'!J:J,'Data Input'!$B:$B,$A7,'Data Input'!$D:$D,$B7-1)),"") -> 0.94604264 | P7: =IFERROR((SUMIFS('Data Input'!O:O,'Data Input'!$B:$B,$A7,'Data Input'!$D:$D,$B7)-SUMIFS('Data Input'!P:P,'Data Input'!$B:$B,$A7,'Data Input'!$D:$D,$B7))/SUMIFS('Data Input'!J:J,'Data Input'!$B:$B,$A7,'Data Input'!$D:$D,$B7),"") -> -0.057188755 | Q7: =IFERROR(-4.84+0.92*I7+0.528*J7+0.404*K7+0.892*L7+0.115*M7-0.172*N7-0.327*O7+4.679*P7,"") -> -2.7214708 | R7: =IF(Q7="","Data belum lengkap",IF(Q7>-1.78,"Indikasi Tinggi","Indikasi Rendah")) -> Indikasi Rendah
A8: MYOR | B8: 2022 | C8: =IFERROR(SUMIFS('Data Input'!G:G,'Data Input'!$B:$B,$A8,'Data Input'!$D:$D,$B8)/SUMIFS('Data Input'!E:E,'Data Input'!$B:$B,$A8,'Data Input'!$D:$D,$B8),"") -> 0.20575847 | D8: =IFERROR(SUMIFS('Data Input'!G:G,'Data Input'!$B:$B,$A8,'Data Input'!$D:$D,$B8-1)/SUMIFS('Data Input'!E:E,'Data Input'!$B:$B,$A8,'Data Input'!$D:$D,$B8-1),"") | E8: =IFERROR(C8-D8,"") -> 0.20575847 | F8: =IFERROR(SUMIFS('Data Input'!E:E,'Data Input'!$B:$B,$A8,'Data Input'!$D:$D,$B8)/SUMIFS('Data Input'!E:E,'Data Input'!$B:$B,$A8,'Data Input'!$D:$D,$B8-1)-1,"") | G8: =IFERROR(SUMIFS('Data Input'!G:G,'Data Input'!$B:$B,$A8,'Data Input'!$D:$D,$B8)/SUMIFS('Data Input'!G:G,'Data Input'!$B:$B,$A8,'Data Input'!$D:$D,$B8-1)-1,"") | H8: =IFERROR(SUMIFS('Data Input'!O:O,'Data Input'!$B:$B,$A8,'Data Input'!$D:$D,$B8)-SUMIFS('Data Input'!P:P,'Data Input'!$B:$B,$A8,'Data Input'!$D:$D,$B8),"") -> -908480 | I8: =IFERROR((SUMIFS('Data Input'!G:G,'Data Input'!$B:$B,$A8,'Data Input'!$D:$D,$B8)/SUMIFS('Data Input'!E:E,'Data Input'!$B:$B,$A8,'Data Input'!$D:$D,$B8))/(SUMIFS('Data Input'!G:G,'Data Input'!$B:$B,$A8,'Data Input'!$D:$D,$B8-1)/SUMIFS('Data Input'!E:E,'Data Input'!$B:$B,$A8,'Data Input'!$D:$D,$B8-1)),"") | J8: =IFERROR(((SUMIFS('Data Input'!E:E,'Data Input'!$B:$B,$A8,'Data Input'!$D:$D,$B8-1)-SUMIFS('Data Input'!F:F,'Data Input'!$B:$B,$A8,'Data Input'!$D:$D,$B8-1))/SUMIFS('Data Input'!E:E,'Data Input'!$B:$B,$A8,'Data Input'!$D:$D,$B8-1))/((SUMIFS('Data Input'!E:E,'Data Input'!$B:$B,$A8,'Data Input'!$D:$D,$B8)-SUMIFS('Data Input'!F:F,'Data Input'!$B:$B,$A8,'Data Input'!$D:$D,$B8))/SUMIFS('Data Input'!E:E,'Data Input'!$B:$B,$A8,'Data Input'!$D:$D,$B8)),"") | K8: =IFERROR((1-(SUMIFS('Data Input'!H:H,'Data Input'!$B:$B,$A8,'Data Input'!$D:$D,$B8)+SUMIFS('Data Input'!I:I,'Data Input'!$B:$B,$A8,'Data Input'!$D:$D,$B8))/SUMIFS('Data Input'!J:J,'Data Input'!$B:$B,$A8,'Data Input'!$D:$D,$B8))/(1-(SUMIFS('Data Input'!H:H,'Data Input'!$B:$B,$A8,'Data Input'!$D:$D,$B8-1)+SUMIFS('Data Input'!I:I,'Data Input'!$B:$B,$A8,'Data Input'!$D:$D,$B8-1))/SUMIFS('Data Input'!J:J,'Data Input'!$B:$B,$A8,'Data Input'!$D:$D,$B8-1)),"") | L8: =IFERROR(SUMIFS('Data Input'!E:E,'Data Input'!$B:$B,$A8,'Data Input'!$D:$D,$B8)/SUMIFS('Data Input'!E:E,'Data Input'!$B:$B,$A8,'Data Input'!$D:$D,$B8-1),"") | M8: =IFERROR((SUMIFS('Data Input'!K:K,'Data Input'!$B:$B,$A8,'Data Input'!$D:$D,$B8-1)/(SUMIFS('Data Input'!K:K,'Data Input'!$B:$B,$A8,'Data Input'!$D:$D,$B8-1)+SUMIFS('Data Input'!I:I,'Data Input'!$B:$B,$A8,'Data Input'!$D:$D,$B8-1)))/(SUMIFS('Data Input'!K:K,'Data Input'!$B:$B,$A8,'Data Input'!$D:$D,$B8)/(SUMIFS('Data Input'!K:K,'Data Input'!$B:$B,$A8,'Data Input'!$D:$D,$B8)+SUMIFS('Data Input'!I:I,'Data Input'!$B:$B,$A8,'Data Input'!$D:$D,$B8))),"") | N8: =IFERROR((SUMIFS('Data Input'!L:L,'Data Input'!$B:$B,$A8,'Data Input'!$D:$D,$B8)/SUMIFS('Data Input'!E:E,'Data Input'!$B:$B,$A8,'Data Input'!$D:$D,$B8))/(SUMIFS('Data Input'!L:L,'Data Input'!$B:$B,$A8,'Data Input'!$D:$D,$B8-1)/SUMIFS('Data Input'!E:E,'Data Input'!$B:$B,$A8,'Data Input'!$D:$D,$B8-1)),"") | O8: =IFERROR(((SUMIFS('Data Input'!M:M,'Data Input'!$B:$B,$A8,'Data Input'!$D:$D,$B8)+SUMIFS('Data Input'!N:N,'Data Input'!$B:$B,$A8,'Data Input'!$D:$D,$B8))/SUMIFS('Data Input'!J:J,'Data Input'!$B:$B,$A8,'Data Input'!$D:$D,$B8))/((SUMIFS('Data Input'!M:M,'Data Input'!$B:$B,$A8,'Data Input'!$D:$D,$B8-1)+SUMIFS('Data Input'!N:N,'Data Input'!$B:$B,$A8,'Data Input'!$D:$D,$B8-1))/SUMIFS('Data Input'!J:J,'Data Input'!$B:$B,$A8,'Data Input'!$D:$D,$B8-1)),"") | P8: =IFERROR((SUMIFS('Data Input'!O:O,'Data Input'!$B:$B,$A8,'Data Input'!$D:$D,$B8)-SUMIFS('Data Input'!P:P,'Data Input'!$B:$B,$A8,'Data Input'!$D:$D,$B8))/SUMIFS('Data Input'!J:J,'Data Input'!$B:$B,$A8,'Data Input'!$D:$D,$B8),"") -> -0.040784619 | Q8: =IFERROR(-4.84+0.92*I8+0.528*J8+0.404*K8+0.892*L8+0.115*M8-0.172*N8-0.327*O8+4.679*P8,"") -> -5.0308312 | R8: =IF(Q8="","Data belum lengkap",IF(Q8>-1.78,"Indikasi Tinggi","Indikasi Rendah")) -> Indikasi Rendah
A9: MYOR | B9: 2023 | C9: =IFERROR(SUMIFS('Data Input'!G:G,'Data Input'!$B:$B,$A9,'Data Input'!$D:$D,$B9)/SUMIFS('Data Input'!E:E,'Data Input'!$B:$B,$A9,'Data Input'!$D:$D,$B9),"") -> 0.21661538 | D9: =IFERROR(SUMIFS('Data Input'!G:G,'Data Input'!$B:$B,$A9,'Data Input'!$D:$D,$B9-1)/SUMIFS('Data Input'!E:E,'Data Input'!$B:$B,$A9,'Data Input'!$D:$D,$B9-1),"") -> 0.20575847 | E9: =IFERROR(C9-D9,"") -> 0.01085691 | F9: =IFERROR(SUMIFS('Data Input'!E:E,'Data Input'!$B:$B,$A9,'Data Input'!$D:$D,$B9)/SUMIFS('Data Input'!E:E,'Data Input'!$B:$B,$A9,'Data Input'!$D:$D,$B9-1)-1,"") -> 0.026594294 | G9: =IFERROR(SUMIFS('Data Input'!G:G,'Data Input'!$B:$B,$A9,'Data Input'!$D:$D,$B9)/SUMIFS('Data Input'!G:G,'Data Input'!$B:$B,$A9,'Data Input'!$D:$D,$B9-1)-1,"") -> 0.080762862 | H9: =IFERROR(SUMIFS('Data Input'!O:O,'Data Input'!$B:$B,$A9,'Data Input'!$D:$D,$B9)-SUMIFS('Data Input'!P:P,'Data Input'!$B:$B,$A9,'Data Input'!$D:$D,$B9),"") -> -926272 | I9: =IFERROR((SUMIFS('Data Input'!G:G,'Data Input'!$B:$B,$A9,'Data Input'!$D:$D,$B9)/SUMIFS('Data Input'!E:E,'Data Input'!$B:$B,$A9,'Data Input'!$D:$D,$B9))/(SUMIFS('Data Input'!G:G,'Data Input'!$B:$B,$A9,'Data Input'!$D:$D,$B9-1)/SUMIFS('Data Input'!E:E,'Data Input'!$B:$B,$A9,'Data Input'!$D:$D,$B9-1)),"") -> 1.0527653 | J9: =IFERROR(((SUMIFS('Data Input'!E:E,'Data Input'!$B:$B,$A9,'Data Input'!$D:$D,$B9-1)-SUMIFS('Data Input'!F:F,'Data Input'!$B:$B,$A9,'Data Input'!$D:$D,$B9-1))/SUMIFS('Data Input'!E:E,'Data Input'!$B:$B,$A9,'Data Input'!$D:$D,$B9-1))/((SUMIFS('Data Input'!E:E,'Data Input'!$B:$B,$A9,'Data Input'!$D:$D,$B9)-SUMIFS('Data Input'!F:F,'Data Input'!$B:$B,$A9,'Data Input'!$D:$D,$B9))/SUMIFS('Data Input'!E:E,'Data Input'!$B:$B,$A9,'Data Input'!$D:$D,$B9)),"") -> 0.83507352 | K9: =IFERROR((1-(SUMIFS('Data Input'!H:H,'Data Input'!$B:$B,$A9,'Data Input'!$D:$D,$B9)+SUMIFS('Data Input'!I:I,'Data Input'!$B:$B,$A9,'Data Input'!$D:$D,$B9))/SUMIFS('Data Input'!J:J,'Data Input'!$B:$B,$A9,'Data Input'!$D:$D,$B9))/(1-(SUMIFS('Data Input'!H:H,'Data Input'!$B:$B,$A9,'Data Input'!$D:$D,$B9-1)+SUMIFS('Data Input'!I:I,'Data Input'!$B:$B,$A9,'Data Input'!$D:$D,$B9-1))/SUMIFS('Data Input'!J:J,'Data Input'!$B:$B,$A9,'Data Input'!$D:$D,$B9-1)),"") -> 0.27733166 | L9: =IFERROR(SUMIFS('Data Input'!E:E,'Data Input'!$B:$B,$A9,'Data Input'!$D:$D,$B9)/SUMIFS('Data Input'!E:E,'Data Input'!$B:$B,$A9,'Data Input'!$D:$D,$B9-1),"") -> 1.0265943 | M9: =IFERROR((SUMIFS('Data Input'!K:K,'Data Input'!$B:$B,$A9,'Data Input'!$D:$D,$B9-1)/(SUMIFS('Data Input'!K:K,'Data Input'!$B:$B,$A9,'Data Input'!$D:$D,$B9-1)+SUMIFS('Data Input'!I:I,'Data Input'!$B:$B,$A9,'Data Input'!$D:$D,$B9-1)))/(SUMIFS('Data Input'!K:K,'Data Input'!$B:$B,$A9,'Data Input'!$D:$D,$B9)/(SUMIFS('Data Input'!K:K,'Data Input'!$B:$B,$A9,'Data Input'!$D:$D,$B9)+SUMIFS('Data Input'!I:I,'Data Input'!$B:$B,$A9,'Data Input'!$D:$D,$B9))),"") -> 1.007186 | N9: =IFERROR((SUMIFS('Data Input'!L:L,'Data Input'!$B:$B,$A9,'Data Input'!$D:$D,$B9)/SUMIFS('Data Input'!E:E,'Data Input'!$B:$B,$A9,'Data Input'!$D:$D,$B9))/(SUMIFS('Data Input'!L:L,'Data Input'!$B:$B,$A9,'Data Input'!$D:$D,$B9-1)/SUMIFS('Data Input'!E:E,'Data Input'!$B:$B,$A9,'Data Input'!$D:$D,$B9-1)),"") -> 1.0305513 | O9: =IFERROR(((SUMIFS('Data Input'!M:M,'Data Input'!$B:$B,$A9,'Data Input'!$D:$D,$B9)+SUMIFS('Data Input'!N:N,'Data Input'!$B:$B,$A9,'Data Input'!$D:$D,$B9))/SUMIFS('Data Input'!J:J,'Data Input'!$B:$B,$A9,'Data Input'!$D:$D,$B9))/((SUMIFS('Data Input'!M:M,'Data Input'!$B:$B,$A9,'Data Input'!$D:$D,$B9-1)+SUMIFS('Data Input'!N:N,'Data Input'!$B:$B,$A9,'Data Input'!$D:$D,$B9-1))/SUMIFS('Data Input'!J:J,'Data Input'!$B:$B,$A9,'Data Input'!$D:$D,$B9-1)),"") -> 0.87367519 | P9: =IFERROR((SUMIFS('Data Input'!O:O,'Data Input'!$B:$B,$A9,'Data Input'!$D:$D,$B9)-SUMIFS('Data Input'!P:P,'Data Input'!$B:$B,$A9,'Data Input'!$D:$D,$B9))/SUMIFS('Data Input'!J:J,'Data Input'!$B:$B,$A9,'Data Input'!$D:$D,$B9),"") -> -0.038796538 | Q9: =IFERROR(-4.84+0.92*I9+0.528*J9+0.404*K9+0.892*L9+0.115*M9-0.172*N9-0.327*O9+4.679*P9,"") -> -2.9314222 | R9: =IF(Q9="","Data belum lengkap",IF(Q9>-1.78,"Indikasi Tinggi","Indikasi Rendah")) -> Indikasi Rendah
A10: MYOR | B10: 2024 | C10: =IFERROR(SUMIFS('Data Input'!G:G,'Data Input'!$B:$B,$A10,'Data Input'!$D:$D,$B10)/SUMIFS('Data Input'!E:E,'Data Input'!$B:$B,$A10,'Data Input'!$D:$D,$B10),"") -> 0.21021898 | D10: =IFERROR(SUMIFS('Data Input'!G:G,'Data Input'!$B:$B,$A10,'Data Input'!$D:$D,$B10-1)/SUMIFS('Data Input'!E:E,'Data Input'!$B:$B,$A10,'Data Input'!$D:$D,$B10-1),"") -> 0.21661538 | E10: =IFERROR(C10-D10,"") -> -0.0063964041 | F10: =IFERROR(SUMIFS('Data Input'!E:E,'Data Input'!$B:$B,$A10,'Data Input'!$D:$D,$B10)/SUMIFS('Data Input'!E:E,'Data Input'!$B:$B,$A10,'Data Input'!$D:$D,$B10-1)-1,"") -> 0.087825228 | G10: =IFERROR(SUMIFS('Data Input'!G:G,'Data Input'!$B:$B,$A10,'Data Input'!$D:$D,$B10)/SUMIFS('Data Input'!G:G,'Data Input'!$B:$B,$A10,'Data Input'!$D:$D,$B10-1)-1,"") -> 0.055702996 | H10: =IFERROR(SUMIFS('Data Input'!O:O,'Data Input'!$B:$B,$A10,'Data Input'!$D:$D,$B10)-SUMIFS('Data Input'!P:P,'Data Input'!$B:$B,$A10,'Data Input'!$D:$D,$B10),"") -> -1030000 | I10: =IFERROR((SUMIFS('Data Input'!G:G,'Data Input'!$B:$B,$A10,'Data Input'!$D:$D,$B10)/SUMIFS('Data Input'!E:E,'Data Input'!$B:$B,$A10,'Data Input'!$D:$D,$B10))/(SUMIFS('Data Input'!G:G,'Data Input'!$B:$B,$A10,'Data Input'!$D:$D,$B10-1)/SUMIFS('Data Input'!E:E,'Data Input'!$B:$B,$A10,'Data Input'!$D:$D,$B10-1)),"") -> 0.97047115 | J10: =IFERROR(((SUMIFS('Data Input'!E:E,'Data Input'!$B:$B,$A10,'Data Input'!$D:$D,$B10-1)-SUMIFS('Data Input'!F:F,'Data Input'!$B:$B,$A10,'Data Input'!$D:$D,$B10-1))/SUMIFS('Data Input'!E:E,'Data Input'!$B:$B,$A10,'Data Input'!$D:$D,$B10-1))/((SUMIFS('Data Input'!E:E,'Data Input'!$B:$B,$A10,'Data Input'!$D:$D,$B10)-SUMIFS('Data Input'!F:F,'Data Input'!$B:$B,$A10,'Data Input'!$D:$D,$B10))/SUMIFS('Data Input'!E:E,'Data Input'!$B:$B,$A10,'Data Input'!$D:$D,$B10)),"") -> 0.99940763 | K10: =IFERROR((1-(SUMIFS('Data Input'!H:H,'Data Input'!$B:$B,$A10,'Data Input'!$D:$D,$B10)+SUMIFS('Data Input'!I:I,'Data Input'!$B:$B,$A10,'Data Input'!$D:$D,$B10))/SUMIFS('Data Input'!J:J,'Data Input'!$B:$B,$A10,'Data Input'!$D:$D,$B10))/(1-(SUMIFS('Data Input'!H:H,'Data Input'!$B:$B,$A10,'Data Input'!$D:$D,$B10-1)+SUMIFS('Data Input'!I:I,'Data Input'!$B:$B,$A10,'Data Input'!$D:$D,$B10-1))/SUMIFS('Data Input'!J:J,'Data Input'!$B:$B,$A10,'Data Input'!$D:$D,$B10-1)),"") -> 2.063765 | L10: =IFERROR(SUMIFS('Data Input'!E:E,'Data Input'!$B:$B,$A10,'Data Input'!$D:$D,$B10)/SUMIFS('Data Input'!E:E,'Data Input'!$B:$B,$A10,'Data Input'!$D:$D,$B10-1),"") -> 1.0878252 | M10: =IFERROR((SUMIFS('Data Input'!K:K,'Data Input'!$B:$B,$A10,'Data Input'!$D:$D,$B10-1)/(SUMIFS('Data Input'!K:K,'Data Input'!$B:$B,$A10,'Data Input'!$D:$D,$B10-1)+SUMIFS('Data Input'!I:I,'Data Input'!$B:$B,$A10,'Data Input'!$D:$D,$B10-1)))/(SUMIFS('Data Input'!K:K,'Data Input'!$B:$B,$A10,'Data Input'!$D:$D,$B10)/(SUMIFS('Data Input'!K:K,'Data Input'!$B:$B,$A10,'Data Input'!$D:$D,$B10)+SUMIFS('Data Input'!I:I,'Data Input'!$B:$B,$A10,'Data Input'!$D:$D,$B10))),"") -> 0.99847857 | N10: =IFERROR((SUMIFS('Data Input'!L:L,'Data Input'!$B:$B,$A10,'Data Input'!$D:$D,$B10)/SUMIFS('Data Input'!E:E,'Data Input'!$B:$B,$A10,'Data Input'!$D:$D,$B10))/(SUMIFS('Data Input'!L:L,'Data Input'!$B:$B,$A10,'Data Input'!$D:$D,$B10-1)/SUMIFS('Data Input'!E:E,'Data Input'!$B:$B,$A10,'Data Input'!$D:$D,$B10-1)),"") -> 1.0042321 | O10: =IFERROR(((SUMIFS('Data Input'!M:M,'Data Input'!$B:$B,$A10,'Data Input'!$D:$D,$B10)+SUMIFS('Data Input'!N:N,'Data Input'!$B:$B,$A10,'Data Input'!$D:$D,$B10))/SUMIFS('Data Input'!J:J,'Data Input'!$B:$B,$A10,'Data Input'!$D:$D,$B10))/((SUMIFS('Data Input'!M:M,'Data Input'!$B:$B,$A10,'Data Input'!$D:$D,$B10-1)+SUMIFS('Data Input'!N:N,'Data Input'!$B:$B,$A10,'Data Input'!$D:$D,$B10-1))/SUMIFS('Data Input'!J:J,'Data Input'!$B:$B,$A10,'Data Input'!$D:$D,$B10-1)),"") -> 0.93164157 | P10: =IFERROR((SUMIFS('Data Input'!O:O,'Data Input'!$B:$B,$A10,'Data Input'!$D:$D,$B10)-SUMIFS('Data Input'!P:P,'Data Input'!$B:$B,$A10,'Data Input'!$D:$D,$B10))/SUMIFS('Data Input'!J:J,'Data Input'!$B:$B,$A10,'Data Input'!$D:$D,$B10),"") -> -0.039922481 | Q10: =IFERROR(-4.84+0.92*I10+0.528*J10+0.404*K10+0.892*L10+0.115*M10-0.172*N10-0.327*O10+4.679*P10,"") -> -2.1647251 | R10: =IF(Q10="","Data belum lengkap",IF(Q10>-1.78,"Indikasi Tinggi","Indikasi Rendah")) -> Indikasi Rendah
A11: INDF | B11: 2022 | C11: =IFERROR(SUMIFS('Data Input'!G:G,'Data Input'!$B:$B,$A11,'Data Input'!$D:$D,$B11)/SUMIFS('Data Input'!E:E,'Data Input'!$B:$B,$A11,'Data Input'!$D:$D,$B11),"") -> 0.12821858 | D11: =IFERROR(SUMIFS('Data Input'!G:G,'Data Input'!$B:$B,$A11,'Data Input'!$D:$D,$B11-1)/SUMIFS('Data Input'!E:E,'Data Input'!$B:$B,$A11,'Data Input'!$D:$D,$B11-1),"") | E11: =IFERROR(C11-D11,"") -> 0.12821858 | F11: =IFERROR(SUMIFS('Data Input'!E:E,'Data Input'!$B:$B,$A11,'Data Input'!$D:$D,$B11)/SUMIFS('Data Input'!E:E,'Data Input'!$B:$B,$A11,'Data Input'!$D:$D,$B11-1)-1,"") | G11: =IFERROR(SUMIFS('Data Input'!G:G,'Data Input'!$B:$B,$A11,'Data Input'!$D:$D,$B11)/SUMIFS('Data Input'!G:G,'Data Input'!$B:$B,$A11,'Data Input'!$D:$D,$B11-1)-1,"") | H11: =IFERROR(SUMIFS('Data Input'!O:O,'Data Input'!$B:$B,$A11,'Data Input'!$D:$D,$B11)-SUMIFS('Data Input'!P:P,'Data Input'!$B:$B,$A11,'Data Input'!$D:$D,$B11),"") -> -10540000 | I11: =IFERROR((SUMIFS('Data Input'!G:G,'Data Input'!$B:$B,$A11,'Data Input'!$D:$D,$B11)/SUMIFS('Data Input'!E:E,'Data Input'!$B:$B,$A11,'Data Input'!$D:$D,$B11))/(SUMIFS('Data Input'!G:G,'Data Input'!$B:$B,$A11,'Data Input'!$D:$D,$B11-1)/SUMIFS('Data Input'!E:E,'Data Input'!$B:$B,$A11,'Data Input'!$D:$D,$B11-1)),"") | J11: =IFERROR(((SUMIFS('Data Input'!E:E,'Data Input'!$B:$B,$A11,'Data Input'!$D:$D,$B11-1)-SUMIFS('Data Input'!F:F,'Data Input'!$B:$B,$A11,'Data Input'!$D:$D,$B11-1))/SUMIFS('Data Input'!E:E,'Data Input'!$B:$B,$A11,'Data Input'!$D:$D,$B11-1))/((SUMIFS('Data Input'!E:E,'Data Input'!$B:$B,$A11,'Data Input'!$D:$D,$B11)-SUMIFS('Data Input'!F:F,'Data Input'!$B:$B,$A11,'Data Input'!$D:$D,$B11))/SUMIFS('Data Input'!E:E,'Data Input'!$B:$B,$A11,'Data Input'!$D:$D,$B11)),"") | K11: =IFERROR((1-(SUMIFS('Data Input'!H:H,'Data Input'!$B:$B,$A11,'Data Input'!$D:$D,$B11)+SUMIFS('Data Input'!I:I,'Data Input'!$B:$B,$A11,'Data Input'!$D:$D,$B11))/SUMIFS('Data Input'!J:J,'Data Input'!$B:$B,$A11,'Data Input'!$D:$D,$B11))/(1-(SUMIFS('Data Input'!H:H,'Data Input'!$B:$B,$A11,'Data Input'!$D:$D,$B11-1)+SUMIFS('Data Input'!I:I,'Data Input'!$B:$B,$A11,'Data Input'!$D:$D,$B11-1))/SUMIFS('Data Input'!J:J,'Data Input'!$B:$B,$A11,'Data Input'!$D:$D,$B11-1)),"") | L11: =IFERROR(SUMIFS('Data Input'!E:E,'Data Input'!$B:$B,$A11,'Data Input'!$D:$D,$B11)/SUMIFS('Data Input'!E:E,'Data Input'!$B:$B,$A11,'Data Input'!$D:$D,$B11-1),"") | M11: =IFERROR((SUMIFS('Data Input'!K:K,'Data Input'!$B:$B,$A11,'Data Input'!$D:$D,$B11-1)/(SUMIFS('Data Input'!K:K,'Data Input'!$B:$B,$A11,'Data Input'!$D:$D,$B11-1)+SUMIFS('Data Input'!I:I,'Data Input'!$B:$B,$A11,'Data Input'!$D:$D,$B11-1)))/(SUMIFS('Data Input'!K:K,'Data Input'!$B:$B,$A11,'Data Input'!$D:$D,$B11)/(SUMIFS('Data Input'!K:K,'Data Input'!$B:$B,$A11,'Data Input'!$D:$D,$B11)+SUMIFS('Data Input'!I:I,'Data Input'!$B:$B,$A11,'Data Input'!$D:$D,$B11))),"") | N11: =IFERROR((SUMIFS('Data Input'!L:L,'Data Input'!$B:$B,$A11,'Data Input'!$D:$D,$B11)/SUMIFS('Data Input'!E:E,'Data Input'!$B:$B,$A11,'Data Input'!$D:$D,$B11))/(SUMIFS('Data Input'!L:L,'Data Input'!$B:$B,$A11,'Data Input'!$D:$D,$B11-1)/SUMIFS('Data Input'!E:E,'Data Input'!$B:$B,$A11,'Data Input'!$D:$D,$B11-1)),"") | O11: =IFERROR(((SUMIFS('Data Input'!M:M,'Data Input'!$B:$B,$A11,'Data Input'!$D:$D,$B11)+SUMIFS('Data Input'!N:N,'Data Input'!$B:$B,$A11,'Data Input'!$D:$D,$B11))/SUMIFS('Data Input'!J:J,'Data Input'!$B:$B,$A11,'Data Input'!$D:$D,$B11))/((SUMIFS('Data Input'!M:M,'Data Input'!$B:$B,$A11,'Data Input'!$D:$D,$B11-1)+SUMIFS('Data Input'!N:N,'Data Input'!$B:$B,$A11,'Data Input'!$D:$D,$B11-1))/SUMIFS('Data Input'!J:J,'Data Input'!$B:$B,$A11,'Data Input'!$D:$D,$B11-1)),"") | P11: =IFERROR((SUMIFS('Data Input'!O:O,'Data Input'!$B:$B,$A11,'Data Input'!$D:$D,$B11)-SUMIFS('Data Input'!P:P,'Data Input'!$B:$B,$A11,'Data Input'!$D:$D,$B11))/SUMIFS('Data Input'!J:J,'Data Input'!$B:$B,$A11,'Data Input'!$D:$D,$B11),"") -> -0.058414935 | Q11: =IFERROR(-4.84+0.92*I11+0.528*J11+0.404*K11+0.892*L11+0.115*M11-0.172*N11-0.327*O11+4.679*P11,"") -> -5.1133235 | R11: =IF(Q11="","Data belum lengkap",IF(Q11>-1.78,"Indikasi Tinggi","Indikasi Rendah")) -> Indikasi Rendah
A12: INDF | B12: 2023 | C12: =IFERROR(SUMIFS('Data Input'!G:G,'Data Input'!$B:$B,$A12,'Data Input'!$D:$D,$B12)/SUMIFS('Data Input'!E:E,'Data Input'!$B:$B,$A12,'Data Input'!$D:$D,$B12),"") -> 0.13518015 | D12: =IFERROR(SUMIFS('Data Input'!G:G,'Data Input'!$B:$B,$A12,'Data Input'!$D:$D,$B12-1)/SUMIFS('Data Input'!E:E,'Data Input'!$B:$B,$A12,'Data Input'!$D:$D,$B12-1),"") -> 0.12821858 | E12: =IFERROR(C12-D12,"") -> 0.0069615723 | F12: =IFERROR(SUMIFS('Data Input'!E:E,'Data Input'!$B:$B,$A12,'Data Input'!$D:$D,$B12)/SUMIFS('Data Input'!E:E,'Data Input'!$B:$B,$A12,'Data Input'!$D:$D,$B12-1)-1,"") -> 0.007885905 | G12: =IFERROR(SUMIFS('Data Input'!G:G,'Data Input'!$B:$B,$A12,'Data Input'!$D:$D,$B12)/SUMIFS('Data Input'!G:G,'Data Input'!$B:$B,$A12,'Data Input'!$D:$D,$B12-1)-1,"") -> 0.062608634 | H12: =IFERROR(SUMIFS('Data Input'!O:O,'Data Input'!$B:$B,$A12,'Data Input'!$D:$D,$B12)-SUMIFS('Data Input'!P:P,'Data Input'!$B:$B,$A12,'Data Input'!$D:$D,$B12),"") -> -11069600 | I12: =IFERROR((SUMIFS('Data Input'!G:G,'Data Input'!$B:$B,$A12,'Data Input'!$D:$D,$B12)/SUMIFS('Data Input'!E:E,'Data Input'!$B:$B,$A12,'Data Input'!$D:$D,$B12))/(SUMIFS('Data Input'!G:G,'Data Input'!$B:$B,$A12,'Data Input'!$D:$D,$B12-1)/SUMIFS('Data Input'!E:E,'Data Input'!$B:$B,$A12,'Data Input'!$D:$D,$B12-1)),"") -> 1.0542946 | J12: =IFERROR(((SUMIFS('Data Input'!E:E,'Data Input'!$B:$B,$A12,'Data Input'!$D:$D,$B12-1)-SUMIFS('Data Input'!F:F,'Data Input'!$B:$B,$A12,'Data Input'!$D:$D,$B12-1))/SUMIFS('Data Input'!E:E,'Data Input'!$B:$B,$A12,'Data Input'!$D:$D,$B12-1))/((SUMIFS('Data Input'!E:E,'Data Input'!$B:$B,$A12,'Data Input'!$D:$D,$B12)-SUMIFS('Data Input'!F:F,'Data Input'!$B:$B,$A12,'Data Input'!$D:$D,$B12))/SUMIFS('Data Input'!E:E,'Data Input'!$B:$B,$A12,'Data Input'!$D:$D,$B12)),"") -> 0.95599168 | K12: =IFERROR((1-(SUMIFS('Data Input'!H:H,'Data Input'!$B:$B,$A12,'Data Input'!$D:$D,$B12)+SUMIFS('Data Input'!I:I,'Data Input'!$B:$B,$A12,'Data Input'!$D:$D,$B12))/SUMIFS('Data Input'!J:J,'Data Input'!$B:$B,$A12,'Data Input'!$D:$D,$B12))/(1-(SUMIFS('Data Input'!H:H,'Data Input'!$B:$B,$A12,'Data Input'!$D:$D,$B12-1)+SUMIFS('Data Input'!I:I,'Data Input'!$B:$B,$A12,'Data Input'!$D:$D,$B12-1))/SUMIFS('Data Input'!J:J,'Data Input'!$B:$B,$A12,'Data Input'!$D:$D,$B12-1)),"") -> 0.9826324 | L12: =IFERROR(SUMIFS('Data Input'!E:E,'Data Input'!$B:$B,$A12,'Data Input'!$D:$D,$B12)/SUMIFS('Data Input'!E:E,'Data Input'!$B:$B,$A12,'Data Input'!$D:$D,$B12-1),"") -> 1.0078859 | M12: =IFERROR((SUMIFS('Data Input'!K:K,'Data Input'!$B:$B,$A12,'Data Input'!$D:$D,$B12-1)/(SUMIFS('Data Input'!K:K,'Data Input'!$B:$B,$A12,'Data Input'!$D:$D,$B12-1)+SUMIFS('Data Input'!I:I,'Data Input'!$B:$B,$A12,'Data Input'!$D:$D,$B12-1)))/(SUMIFS('Data Input'!K:K,'Data Input'!$B:$B,$A12,'Data Input'!$D:$D,$B12)/(SUMIFS('Data Input'!K:K,'Data Input'!$B:$B,$A12,'Data Input'!$D:$D,$B12)+SUMIFS('Data Input'!I:I,'Data Input'!$B:$B,$A12,'Data Input'!$D:$D,$B12))),"") -> 0.99155324 | N12: =IFERROR((SUMIFS('Data Input'!L:L,'Data Input'!$B:$B,$A12,'Data Input'!$D:$D,$B12)/SUMIFS('Data Input'!E:E,'Data Input'!$B:$B,$A12,'Data Input'!$D:$D,$B12))/(SUMIFS('Data Input'!L:L,'Data Input'!$B:$B,$A12,'Data Input'!$D:$D,$B12-1)/SUMIFS('Data Input'!E:E,'Data Input'!$B:$B,$A12,'Data Input'!$D:$D,$B12-1)),"") -> 1.0396104 | O12: =IFERROR(((SUMIFS('Data Input'!M:M,'Data Input'!$B:$B,$A12,'Data Input'!$D:$D,$B12)+SUMIFS('Data Input'!N:N,'Data Input'!$B:$B,$A12,'Data Input'!$D:$D,$B12))/SUMIFS('Data Input'!J:J,'Data Input'!$B:$B,$A12,'Data Input'!$D:$D,$B12))/((SUMIFS('Data Input'!M:M,'Data Input'!$B:$B,$A12,'Data Input'!$D:$D,$B12-1)+SUMIFS('Data Input'!N:N,'Data Input'!$B:$B,$A12,'Data Input'!$D:$D,$B12-1))/SUMIFS('Data Input'!J:J,'Data Input'!$B:$B,$A12,'Data Input'!$D:$D,$B12-1)),"") -> 0.96130136 | P12: =IFERROR((SUMIFS('Data Input'!O:O,'Data Input'!$B:$B,$A12,'Data Input'!$D:$D,$B12)-SUMIFS('Data Input'!P:P,'Data Input'!$B:$B,$A12,'Data Input'!$D:$D,$B12))/SUMIFS('Data Input'!J:J,'Data Input'!$B:$B,$A12,'Data Input'!$D:$D,$B12),"") -> -0.05925589 | Q12: =IFERROR(-4.84+0.92*I12+0.528*J12+0.404*K12+0.892*L12+0.115*M12-0.172*N12-0.327*O12+4.679*P12,"") -> -2.7256559 | R12: =IF(Q12="","Data belum lengkap",IF(Q12>-1.78,"Indikasi Tinggi","Indikasi Rendah")) -> Indikasi Rendah
A13: INDF | B13: 2024 | C13: =IFERROR(SUMIFS('Data Input'!G:G,'Data Input'!$B:$B,$A13,'Data Input'!$D:$D,$B13)/SUMIFS('Data Input'!E:E,'Data Input'!$B:$B,$A13,'Data Input'!$D:$D,$B13),"") -> 0.13333333 | D13: =IFERROR(SUMIFS('Data Input'!G:G,'Data Input'!$B:$B,$A13,'Data Input'!$D:$D,$B13-1)/SUMIFS('Data Input'!E:E,'Data Input'!$B:$B,$A13,'Data Input'!$D:$D,$B13-1),"") -> 0.13518015 | E13: =IFERROR(C13-D13,"") -> -0.0018468181 | F13: =IFERROR(SUMIFS('Data Input'!E:E,'Data Input'!$B:$B,$A13,'Data Input'!$D:$D,$B13)/SUMIFS('Data Input'!E:E,'Data Input'!$B:$B,$A13,'Data Input'!$D:$D,$B13-1)-1,"") -> 0.060836807 | G13: =IFERROR(SUMIFS('Data Input'!G:G,'Data Input'!$B:$B,$A13,'Data Input'!$D:$D,$B13)/SUMIFS('Data Input'!G:G,'Data Input'!$B:$B,$A13,'Data Input'!$D:$D,$B13-1)-1,"") -> 0.046343757 | H13: =IFERROR(SUMIFS('Data Input'!O:O,'Data Input'!$B:$B,$A13,'Data Input'!$D:$D,$B13)-SUMIFS('Data Input'!P:P,'Data Input'!$B:$B,$A13,'Data Input'!$D:$D,$B13),"") -> -11650000 | I13: =IFERROR((SUMIFS('Data Input'!G:G,'Data Input'!$B:$B,$A13,'Data Input'!$D:$D,$B13)/SUMIFS('Data Input'!E:E,'Data Input'!$B:$B,$A13,'Data Input'!$D:$D,$B13))/(SUMIFS('Data Input'!G:G,'Data Input'!$B:$B,$A13,'Data Input'!$D:$D,$B13-1)/SUMIFS('Data Input'!E:E,'Data Input'!$B:$B,$A13,'Data Input'!$D:$D,$B13-1)),"") -> 0.9863381 | J13: =IFERROR(((SUMIFS('Data Input'!E:E,'Data Input'!$B:$B,$A13,'Data Input'!$D:$D,$B13-1)-SUMIFS('Data Input'!F:F,'Data Input'!$B:$B,$A13,'Data Input'!$D:$D,$B13-1))/SUMIFS('Data Input'!E:E,'Data Input'!$B:$B,$A13,'Data Input'!$D:$D,$B13-1))/((SUMIFS('Data Input'!E:E,'Data Input'!$B:$B,$A13,'Data Input'!$D:$D,$B13)-SUMIFS('Data Input'!F:F,'Data Input'!$B:$B,$A13,'Data Input'!$D:$D,$B13))/SUMIFS('Data Input'!E:E,'Data Input'!$B:$B,$A13,'Data Input'!$D:$D,$B13)),"") -> 0.96674271 | K13: =IFERROR((1-(SUMIFS('Data Input'!H:H,'Data Input'!$B:$B,$A13,'Data Input'!$D:$D,$B13)+SUMIFS('Data Input'!I:I,'Data Input'!$B:$B,$A13,'Data Input'!$D:$D,$B13))/SUMIFS('Data Input'!J:J,'Data Input'!$B:$B,$A13,'Data Input'!$D:$D,$B13))/(1-(SUMIFS('Data Input'!H:H,'Data Input'!$B:$B,$A13,'Data Input'!$D:$D,$B13-1)+SUMIFS('Data Input'!I:I,'Data Input'!$B:$B,$A13,'Data Input'!$D:$D,$B13-1))/SUMIFS('Data Input'!J:J,'Data Input'!$B:$B,$A13,'Data Input'!$D:$D,$B13-1)),"") -> 0.99603493 | L13: =IFERROR(SUMIFS('Data Input'!E:E,'Data Input'!$B:$B,$A13,'Data Input'!$D:$D,$B13)/SUMIFS('Data Input'!E:E,'Data Input'!$B:$B,$A13,'Data Input'!$D:$D,$B13-1),"") -> 1.0608368 | M13: =IFERROR((SUMIFS('Data Input'!K:K,'Data Input'!$B:$B,$A13,'Data Input'!$D:$D,$B13-1)/(SUMIFS('Data Input'!K:K,'Data Input'!$B:$B,$A13,'Data Input'!$D:$D,$B13-1)+SUMIFS('Data Input'!I:I,'Data Input'!$B:$B,$A13,'Data Input'!$D:$D,$B13-1)))/(SUMIFS('Data Input'!K:K,'Data Input'!$B:$B,$A13,'Data Input'!$D:$D,$B13)/(SUMIFS('Data Input'!K:K,'Data Input'!$B:$B,$A13,'Data Input'!$D:$D,$B13)+SUMIFS('Data Input'!I:I,'Data Input'!$B:$B,$A13,'Data Input'!$D:$D,$B13))),"") -> 0.98654604 | N13: =IFERROR((SUMIFS('Data Input'!L:L,'Data Input'!$B:$B,$A13,'Data Input'!$D:$D,$B13)/SUMIFS('Data Input'!E:E,'Data Input'!$B:$B,$A13,'Data Input'!$D:$D,$B13))/(SUMIFS('Data Input'!L:L,'Data Input'!$B:$B,$A13,'Data Input'!$D:$D,$B13-1)/SUMIFS('Data Input'!E:E,'Data Input'!$B:$B,$A13,'Data Input'!$D:$D,$B13-1)),"") -> 0.98758728 | O13: =IFERROR(((SUMIFS('Data Input'!M:M,'Data Input'!$B:$B,$A13,'Data Input'!$D:$D,$B13)+SUMIFS('Data Input'!N:N,'Data Input'!$B:$B,$A13,'Data Input'!$D:$D,$B13))/SUMIFS('Data Input'!J:J,'Data Input'!$B:$B,$A13,'Data Input'!$D:$D,$B13))/((SUMIFS('Data Input'!M:M,'Data Input'!$B:$B,$A13,'Data Input'!$D:$D,$B13-1)+SUMIFS('Data Input'!N:N,'Data Input'!$B:$B,$A13,'Data Input'!$D:$D,$B13-1))/SUMIFS('Data Input'!J:J,'Data Input'!$B:$B,$A13,'Data Input'!$D:$D,$B13-1)),"") -> 0.9578937 | P13: =IFERROR((SUMIFS('Data Input'!O:O,'Data Input'!$B:$B,$A13,'Data Input'!$D:$D,$B13)-SUMIFS('Data Input'!P:P,'Data Input'!$B:$B,$A13,'Data Input'!$D:$D,$B13))/SUMIFS('Data Input'!J:J,'Data Input'!$B:$B,$A13,'Data Input'!$D:$D,$B13),"") -> -0.059682377 | Q13: =IFERROR(-4.84+0.92*I13+0.528*J13+0.404*K13+0.892*L13+0.115*M13-0.172*N13-0.327*O13+4.679*P13,"") -> -2.7223616 | R13: =IF(Q13="","Data belum lengkap",IF(Q13>-1.78,"Indikasi Tinggi","Indikasi Rendah")) -> Indikasi Rendah
A15: Catatan Analisis: Beneish M-Score Overview: Perhitungan Beneish M-Score periode 2022–2024 menunjukkan seluruh emiten (UNVR, ICBP, MYOR, INDF) berada di bawah threshold -1.78. Kualitas Laba: Nilai TATA (Total Accruals to Total Assets) yang negatif secara konsisten mengindikasikan laba bersih perusahaan riil disokong oleh arus kas operasional (CFO), bukan rekayasa akrual. Kesimpulan: Laporan keuangan sampel terbukti transparan dan bebas indikasi rekayasa laba material, layak dijadikan basis analisis rasio lanjutan.
